<?xml version="1.0" encoding="utf-8"?>
<doctrine-mapping xmlns="http://doctrine-project.org/schemas/orm/doctrine-mapping" xmlns:xsi="http://www.w3.org/2001/XMLSchema-instance" xsi:schemaLocation="http://doctrine-project.org/schemas/orm/doctrine-mapping http://doctrine-project.org/schemas/orm/doctrine-mapping.xsd">
  <entity name="AppBundle\Entity\Events" table="events">
    <id name="id" type="integer" column="id">
      <generator strategy="IDENTITY"/>
    </id>
    <field name="eventName" type="string" column="event_name" length="255" nullable="false">
      <options>
        <option name="fixed"/>
      </options>
    </field>
    <field name="eventStart" type="datetime" column="event_start" nullable="false">
      
    </field>
    <field name="eventEnd" type="datetime" column="event_end" nullable="false">
      
    </field>
    <field name="description" type="text" column="description" length="65535" nullable="false">
      <options>
        <option name="fixed"/>
      </options>
    </field>
    <field name="imageUrl" type="string" column="image_url" length="255" nullable="false">
      <options>
        <option name="fixed"/>
      </options>
    </field>
    <field name="capacity" type="integer" column="capacity" nullable="false">
      <options>
        <option name="unsigned"/>
      </options>
    </field>
    <field name="email" type="string" column="email" length="255" nullable="false">
      <options>
        <option name="fixed"/>
      </options>
    </field>
    <field name="phone" type="integer" column="phone" nullable="false">
      <options>
        <option name="unsigned"/>
      </options>
    </field>
    <field name="address" type="string" column="address" length="255" nullable="false">
      <options>
        <option name="fixed"/>
      </options>
    </field>
    <field name="url" type="string" column="url" length="255" nullable="false">
      <options>
        <option name="fixed"/>
      </options>
    </field>
    <field name="type" type="string" column="type" length="50" nullable="false">
      <options>
        <option name="fixed"/>
      </options>
    </field>
  </entity>
</doctrine-mapping>
